{"policy": [21.0, 27.0, 21.0, 27.0, 27.0, 27.0, 27.0, 21.0, 27.0, 21.0, 27.0, 21.0, 27.0, 21.0, 27.0, 27.0, 21.0, 0.0, 21.0, 27.0, 21.0, 21.0, 27.0, 21.0, 0.0, 27.0, 27.0, 21.0, 27.0, 21.0, 21.0, 0.0, 6.0, 0.0, 21.0, 0.0, 27.0, 27.0, 27.0, 6.0, 21.0, 21.0, 27.0, 21.0, 27.0, 12.0, 6.0, 0.0, 6.0, 12.0, 6.0, 21.0, 27.0, 27.0, 0.0, 12.0, 12.0, 21.0, 12.0, 27.0, 6.0, 27.0, 12.0, 0.0, 6.0, 0.0, 12.0, 27.0, 27.0, 27.0, 27.0, 6.0, 12.0, 6.0, 21.0, 0.0, 21.0, 6.0, 6.0, 27.0, 27.0, 6.0, 21.0, 27.0, 27.0, 21.0, 27.0, 6.0, 0.0, 27.0, 0.0, 27.0, 0.0, 0.0, 21.0, 27.0, 0.0, 12.0, 21.0, 27.0, 27.0, 21.0, 0.0, 27.0, 21.0, 0.0, 21.0, 0.0, 27.0, 27.0, 21.0, 27.0, 27.0, 12.0, 27.0, 21.0, 12.0, 0.0, 27.0, 12.0, 0.0, 12.0, 27.0, 21.0, 21.0, 12.0, 21.0, 21.0, 6.0, 27.0, 27.0, 6.0, 0.0, 21.0, 27.0, 0.0, 6.0, 21.0, 27.0, 12.0, 6.0, 27.0, 27.0, 0.0, 21.0, 27.0, 0.0, 27.0, 12.0, 21.0, 0.0, 0.0, 27.0, 27.0, 6.0, 0.0, 21.0, 21.0, 12.0, 12.0, 21.0, 0.0, 21.0, 6.0, 27.0, 0.0, 12.0, 21.0, 21.0, 0.0, 0.0, 27.0, 12.0, 6.0, 6.0, 12.0, 0.0, 12.0, 0.0, 27.0, 0.0, 6.0, 27.0, 12.0, 6.0, 27.0, 21.0, 6.0, 0.0, 0.0, 6.0, 6.0, 6.0, 6.0, 21.0, 0.0, 0.0, 21.0, 6.0, 0.0, 21.0, 12.0, 0.0, 0.0, 12.0, 0.0, 0.0, 0.0, 0.0, 12.0, 0.0, 0.0, 12.0, 0.0, 12.0, 12.0, 6.0, 0.0, 0.0, 6.0, 6.0, 0.0, 0.0, 6.0, 6.0], "states": [[0.0, -3.141592653589793], [5.0, -3.141592653589793], [10.0, -3.141592653589793], [0.0, -2.5132741228718345], [5.0, -2.5132741228718345], [10.0, -2.5132741228718345], [0.0, -1.8849555921538759], [5.0, -1.8849555921538759], [10.0, -1.8849555921538759], [0.0, -1.2566370614359172], [5.0, -1.2566370614359172], [10.0, -1.2566370614359172], [0.0, -0.6283185307179586], [5.0, -0.6283185307179586], [10.0, -0.6283185307179586], [0.0, 0.0], [5.0, 0.0], [10.0, 0.0], [0.0, 0.6283185307179586], [5.0, 0.6283185307179586], [10.0, 0.6283185307179586], [0.0, 1.2566370614359172], [5.0, 1.2566370614359172], [10.0, 1.2566370614359172], [0.0, 1.8849555921538759], [5.0, 1.8849555921538759], [10.0, 1.8849555921538759], [0.0, 2.5132741228718345], [5.0, 2.5132741228718345], [10.0, 2.5132741228718345], [0.0, 3.141592653589793], [5.0, 3.141592653589793], [10.0, 3.141592653589793]], "actions": [[0.0, -9.42477796076938], [35.714285714285715, -9.42477796076938], [71.42857142857143, -9.42477796076938], [107.14285714285714, -9.42477796076938], [142.85714285714286, -9.42477796076938], [178.57142857142858, -9.42477796076938], [214.28571428571428, -9.42477796076938], [250.0, -9.42477796076938], [285.7142857142857, -9.42477796076938], [321.42857142857144, -9.42477796076938], [357.14285714285717, -9.42477796076938], [392.8571428571429, -9.42477796076938], [428.57142857142856, -9.42477796076938], [464.2857142857143, -9.42477796076938], [500.0, -9.42477796076938], [0.0, -8.078381109230897], [35.714285714285715, -8.078381109230897], [71.42857142857143, -8.078381109230897], [107.14285714285714, -8.078381109230897], [142.85714285714286, -8.078381109230897], [178.57142857142858, -8.078381109230897], [214.28571428571428, -8.078381109230897], [250.0, -8.078381109230897], [285.7142857142857, -8.078381109230897], [321.42857142857144, -8.078381109230897], [357.14285714285717, -8.078381109230897], [392.8571428571429, -8.078381109230897], [428.57142857142856, -8.078381109230897], [464.2857142857143, -8.078381109230897], [500.0, -8.078381109230897], [0.0, -6.731984257692414], [35.714285714285715, -6.731984257692414], [71.42857142857143, -6.731984257692414], [107.14285714285714, -6.731984257692414], [142.85714285714286, -6.731984257692414], [178.57142857142858, -6.731984257692414], [214.28571428571428, -6.731984257692414], [250.0, -6.731984257692414], [285.7142857142857, -6.731984257692414], [321.42857142857144, -6.731984257692414], [357.14285714285717, -6.731984257692414], [392.8571428571429, -6.731984257692414], [428.57142857142856, -6.731984257692414], [464.2857142857143, -6.731984257692414], [500.0, -6.731984257692414], [0.0, -5.385587406153931], [35.714285714285715, -5.385587406153931], [71.42857142857143, -5.385587406153931], [107.14285714285714, -5.385587406153931], [142.85714285714286, -5.385587406153931], [178.57142857142858, -5.385587406153931], [214.28571428571428, -5.385587406153931], [250.0, -5.385587406153931], [285.7142857142857, -5.385587406153931], [321.42857142857144, -5.385587406153931], [357.14285714285717, -5.385587406153931], [392.8571428571429, -5.385587406153931], [428.57142857142856, -5.385587406153931], [464.2857142857143, -5.385587406153931], [500.0, -5.385587406153931], [0.0, -4.039190554615448], [35.714285714285715, -4.039190554615448], [71.42857142857143, -4.039190554615448], [107.14285714285714, -4.039190554615448], [142.85714285714286, -4.039190554615448], [178.57142857142858, -4.039190554615448], [214.28571428571428, -4.039190554615448], [250.0, -4.039190554615448], [285.7142857142857, -4.039190554615448], [321.42857142857144, -4.039190554615448], [357.14285714285717, -4.039190554615448], [392.8571428571429, -4.039190554615448], [428.57142857142856, -4.039190554615448], [464.2857142857143, -4.039190554615448], [500.0, -4.039190554615448], [0.0, -2.6927937030769655], [35.714285714285715, -2.6927937030769655], [71.42857142857143, -2.6927937030769655], [107.14285714285714, -2.6927937030769655], [142.85714285714286, -2.6927937030769655], [178.57142857142858, -2.6927937030769655], [214.28571428571428, -2.6927937030769655], [250.0, -2.6927937030769655], [285.7142857142857, -2.6927937030769655], [321.42857142857144, -2.6927937030769655], [357.14285714285717, -2.6927937030769655], [392.8571428571429, -2.6927937030769655], [428.57142857142856, -2.6927937030769655], [464.2857142857143, -2.6927937030769655], [500.0, -2.6927937030769655], [0.0, -1.3463968515384828], [35.714285714285715, -1.3463968515384828], [71.42857142857143, -1.3463968515384828], [107.14285714285714, -1.3463968515384828], [142.85714285714286, -1.3463968515384828], [178.57142857142858, -1.3463968515384828], [214.28571428571428, -1.3463968515384828], [250.0, -1.3463968515384828], [285.7142857142857, -1.3463968515384828], [321.42857142857144, -1.3463968515384828], [357.14285714285717, -1.3463968515384828], [392.8571428571429, -1.3463968515384828], [428.57142857142856, -1.3463968515384828], [464.2857142857143, -1.3463968515384828], [500.0, -1.3463968515384828], [0.0, 0.0], [35.714285714285715, 0.0], [71.42857142857143, 0.0], [107.14285714285714, 0.0], [142.85714285714286, 0.0], [178.57142857142858, 0.0], [214.28571428571428, 0.0], [250.0, 0.0], [285.7142857142857, 0.0], [321.42857142857144, 0.0], [357.14285714285717, 0.0], [392.8571428571429, 0.0], [428.57142857142856, 0.0], [464.2857142857143, 0.0], [500.0, 0.0], [0.0, 1.3463968515384828], [35.714285714285715, 1.3463968515384828], [71.42857142857143, 1.3463968515384828], [107.14285714285714, 1.3463968515384828], [142.85714285714286, 1.3463968515384828], [178.57142857142858, 1.3463968515384828], [214.28571428571428, 1.3463968515384828], [250.0, 1.3463968515384828], [285.7142857142857, 1.3463968515384828], [321.42857142857144, 1.3463968515384828], [357.14285714285717, 1.3463968515384828], [392.8571428571429, 1.3463968515384828], [428.57142857142856, 1.3463968515384828], [464.2857142857143, 1.3463968515384828], [500.0, 1.3463968515384828], [0.0, 2.6927937030769655], [35.714285714285715, 2.6927937030769655], [71.42857142857143, 2.6927937030769655], [107.14285714285714, 2.6927937030769655], [142.85714285714286, 2.6927937030769655], [178.57142857142858, 2.6927937030769655], [214.28571428571428, 2.6927937030769655], [250.0, 2.6927937030769655], [285.7142857142857, 2.6927937030769655], [321.42857142857144, 2.6927937030769655], [357.14285714285717, 2.6927937030769655], [392.8571428571429, 2.6927937030769655], [428.57142857142856, 2.6927937030769655], [464.2857142857143, 2.6927937030769655], [500.0, 2.6927937030769655], [0.0, 4.039190554615448], [35.714285714285715, 4.039190554615448], [71.42857142857143, 4.039190554615448], [107.14285714285714, 4.039190554615448], [142.85714285714286, 4.039190554615448], 